Option_expiry,Year_frac
1D,0.002739726
1W,0.021917808
1M,0.084931507
2M,0.17260274
3M,0.246575342
6M,0.498630137
9M,0.750684932
1Y,1
1Y6M,1.498630137
2Y,2
3Y,3.008219178
5Y,5.002739726
7Y,7.005479452
10Y,10.00821918
15Y,15.01369863
20Y,20.01917808
30Y,30.01917808
